{"cameraMode":{"drawMode":0,"name":"Shaded","section":"Shading Mode"},"sceneLighting":false,"audioPlay":false,"sceneViewState":{"showFog":true,"showMaterialUpdate":false,"showSkybox":true,"showFlares":true,"showImageEffects":true,"showParticleSystems":true},"in2DMode":false,"pivot":{"x":-6.955316066741943,"y":0.9700000286102295,"z":-8.517449378967286},"rotation":{"x":-0.0311187282204628,"y":-0.9682776927947998,"z":0.15707740187644959,"w":-0.19182440638542176},"size":1.1090567111968995,"orthographic":false}