{"cameraMode":{"drawMode":0,"name":"Shaded","section":"Shading Mode"},"sceneLighting":false,"audioPlay":false,"sceneViewState":{"showFog":true,"showMaterialUpdate":false,"showSkybox":true,"showFlares":true,"showImageEffects":true,"showParticleSystems":true},"in2DMode":false,"pivot":{"x":0.0,"y":0.559999942779541,"z":3.2100000381469728},"rotation":{"x":-0.0311187282204628,"y":-0.9682776927947998,"z":0.15707740187644959,"w":-0.19182440638542176},"size":2.2578837871551515,"orthographic":false}